PDB ID,Fnat,DockQ,Lrms,irms,prot num
1d5eA,0.85,0.903,1.173,0.557,
6gb1B,0.892,0.771,1.328,1.674,
3oqza,0.841,0.881,0.791,0.727,
3or0a,0.907,0.918,0.847,0.61,
2fx8P,0.081,0.123,15.147,6.755,
2k7lB,0.686,0.807,1.493,0.833,
2rlnS,0.907,0.951,0.619,0.339,
5ottB,0.659,0.582,4.875,2.109,
1rbdS,0.884,0.923,1.065,0.499,
1d5dA,0.886,0.949,0.455,0.296,
4o37A,0.944,0.936,0.727,0.576,
1fevA,0.957,0.959,0.813,0.418,
1d5hA,0.864,0.935,0.614,0.354,
3kmzC,0.882,0.894,0.945,0.719,
4okfA,0.864,0.935,0.75,0.345,
5otuB,0.941,0.763,5.833,1.057,
1z3pS,0.884,0.951,0.38,0.257,
1z3lS,0.861,0.936,0.576,0.335,
4yjwb,0.872,0.902,1.485,0.601,
4lkaB,0.8,0.882,0.96,0.605,
3oqyb,0.822,0.847,1.434,0.876,
1z3mS,0.865,0.942,0.494,0.286,
