name,rmsd,error_info
2ci9M,,reference and target coordinate arrays must have same number of atoms
2iuiC,5.030101684549485,
2dvrQ,15.068311110594777,
2x4xF,5.15116400752702,
2kvmB,19.920297476086986,
2lo6B,13.149755515555215,
2hmhB,14.045186467210652,
2pnxD,14.641119327493985,
3cojH,25.275991456934598,
3avrB,36.35765135145993,
4bu0C,45.44466989722367,
3wp1A,14.746989353975984,
2wp1Q,,reference and target coordinate arrays must have same number of atoms
4l1uH,14.820637276077589,
3qo2R,5.377678730544841,
3o34B,28.620991014462017,
4n4iB,7.98340413717406,
3bu6B,15.071294781650652,
4dowD,8.187399941337755,
4i7bB,9.443479464557324,
2x4xD,5.825760721788086,
3ob1A,,reference and target arrays must have the same number of atoms
4bklG,36.18262431250031,
3buoA,17.477599719097174,
1t29B,17.34666463868004,
1t2vJ,9.274742383218536,
3ejhE,8.990682470376013,
2x4xB,7.349427182504142,
1t2vI,9.382869404271375,
4bu1C,39.075132374661656,
2l3rB,6.196802150138429,
3askP,9.30323231970945,
1p16D,4.137072525255744,
3pqzL,,reference and target coordinate arrays must have same number of atoms
3ob2A,,reference and target arrays must have the same number of atoms
1uefC,1.4288112336415721,
2v87E,16.197320193459923,
1spsF,1.9079938587193759,
4ezhC,15.458304515645608,
1q1aB,5.454865713698821,
2m3mB,8.819951434024784,
3dm1D,8.192627405080525,
1lqbD,41.68694088614958,
4bl0F,25.148565934055828,
4dowC,10.143546288844421,
2wp2P,,reference and target arrays must have the same number of atoms
3uvyB,6.3562618977823835,
1puaB,11.811260868393925,
3r93E,4.257611194501102,
1lm8H,59.42894444068009,
3tu7I,29.021545877706018,
2dvqQ,24.092411260200468,
1p22C,7.906628411664324,
2e3kQ,12.266564777743778,
2e3kR,12.623292007618327,
4bu0B,5.839459049264716,
2lb0B,13.505728041688796,
3op0C,16.292401919182538,
3sqdC,14.046479554863073,
4bl0C,17.302912188022404,
4llbC,13.239075968739062,
4ajyH,21.665809719740295,
3al3B,11.942279105967906,
4gagP,24.275364521793037,
3qo2Q,4.394827106817437,
2ovqC,10.081255011503641,
4bklE,28.086237751895027,
3kmzC,4.296093129384961,
2jqlB,15.270403504225897,
3pfvD,17.486735889730696,
3mhrP,1.2701048154503534,
3l6fC,3.4054232037558463,
3n9pC,2.008205536923934,
3dpcC,28.468687185255025,
4hptI,23.132041602799788,
3zkfB,16.674753277967028,
3svmP,2.584760692209747,
2y5tG,28.213794511653244,
2v89D,,reference and target coordinate arrays must have same number of atoms
3u5nD,19.316070263388102,
3dppC,27.157341369484115,
4jxtB,,reference and target coordinate arrays must have same number of atoms
2x4yP,10.817103565809738,
2p5bI,12.20372782319878,
1g6gF,17.76321494362089,
2x4yB,21.62132433559961,
2oq1B,20.27790261499439,
1t2vF,22.11910523769268,
3kv4B,15.138714298408619,
2ybpC,17.9041230528024,
3wp0B,6.749044698580294,
2x4yL,4.607741420625176,
4glrA,22.44630391642061,
1ju5B,17.588928462509806,
4lkaB,16.654896381818723,
3cojK,22.41344089301434,
4apjP,16.691386398710794,
1jluS,23.60688165473538,
2x4wB,7.0770517776288555,
3hnaQ,9.826967142456287,
3i90C,9.299454617804464,
2jndB,21.740959298526672,
3pdhD,15.780199597813517,
4bj3C,,reference and target coordinate arrays must have same number of atoms
1o9sK,16.131447551547875,
3i90D,22.04027749458584,
2p5bJ,38.53207793662601,
2os2C,17.322006550779165,
3wdzB,2.2481603722253873,
2x4yF,12.585885415333447,
2lajB,13.989698180424408,
3n9nC,10.265596539339638,
2v87D,,reference and target coordinate arrays must have same number of atoms
3dpqC,24.83662342098207,
2wp2Q,,reference and target arrays must have the same number of atoms
